STT,Test ID,Kết quả,Thời gian giây
1,test_TC01_login_logout,PASS,0.073
2,test_TC02_bad_password,PASS,0.090
3,test_TC03_book_crud_search,PASS,0.075
4,test_TC04_duplicate_book,PASS,0.080
5,test_TC05_reader_crud,PASS,0.073
6,test_TC06_borrow_return_inventory,PASS,0.072
7,test_TC07_out_of_stock,PASS,0.069
8,test_TC08_return_twice,PASS,0.069
9,test_TC09_nonexistent,PASS,0.070
10,test_TC10_overdue_filter,PASS,0.069
11,test_TC11_no_deactivate_open_loan,PASS,0.068
12,test_TC12_role_permissions,PASS,0.092
13,test_TC13_total_below_borrowed,PASS,0.071
14,test_TC14_inactive_reader,PASS,0.069
15,test_TC15_sql_search_literal,PASS,0.071
16,test_TC16_csrf_header,PASS,0.068
17,test_TC17_expired_session,PASS,0.069
18,test_TC18_duplicate_reader,PASS,0.070
19,test_B01_loan_days[0-422],PASS,0.067
20,test_B01_loan_days[1-201],PASS,0.067
21,test_B01_loan_days[2-201],PASS,0.069
22,test_B01_loan_days[29-201],PASS,0.069
23,test_B01_loan_days[30-201],PASS,0.067
24,test_B01_loan_days[31-422],PASS,0.072
25,test_B02_book_quantity[-1-422],PASS,0.073
26,test_B02_book_quantity[0-201],PASS,0.071
27,test_B02_book_quantity[1-201],PASS,0.069
28,test_B02_book_quantity[998-201],PASS,0.068
29,test_B02_book_quantity[999-201],PASS,0.068
30,test_B02_book_quantity[1000-422],PASS,0.070
31,test_B03_title_length[0-422],PASS,0.069
32,test_B03_title_length[1-201],PASS,0.069
33,test_B03_title_length[199-201],PASS,0.068
34,test_B03_title_length[200-201],PASS,0.070
35,test_B03_title_length[201-422],PASS,0.068
36,test_B04_reader_limit,PASS,0.075
37,test_B05_whitespace_title,PASS,0.067
38,test_B06_fractional_quantity,PASS,0.068
39,test_U01_overdue_boundary[-1-0],PASS,0.000
40,test_U01_overdue_boundary[0-0],PASS,0.000
41,test_U01_overdue_boundary[1-1],PASS,0.000
42,test_U02_return_freezes_overdue,PASS,0.000
43,test_U03_password_hash,PASS,0.081
44,test_I01_concurrent_last_copy,PASS,0.072
45,test_I02_failed_borrow_no_write,PASS,0.070
46,test_TC19_static_page,PASS,0.075
47,test_TC20_statistics,PASS,0.068
48,test_TC21_missing_update,PASS,0.069
49,test_TC22_inactive_book,PASS,0.069
50,test_TC23_loan_filter_options_valid_html,PASS,0.068
51,test_TC24_login_lockout,PASS,0.197
52,test_TC25_user_management,PASS,0.140
53,test_TC26_user_management_admin_only,PASS,0.092
54,test_TC27_change_password_invalidates_other_sessions,PASS,0.179
55,test_TC28_extend_loan,PASS,0.076
56,test_TC29_export_csv,PASS,0.072
57,test_TC30_backup,PASS,0.068
58,test_TC31_migration_adds_columns,PASS,0.004
59,test_TC32_pagination,PASS,0.107
60,test_TC33_frontend_not_cached,PASS,0.072
61,test_TC34_ui_paths_serve_spa,PASS,0.090
62,test_TC35_not_found_page,PASS,0.072
